iter	Logloss
0	0.5646683971
1	0.5307763331
